{"cameraMode":{"drawMode":0,"name":"Shaded","section":"Shading Mode"},"sceneLighting":false,"audioPlay":false,"sceneViewState":{"showFog":true,"showMaterialUpdate":false,"showSkybox":false,"showFlares":true,"showImageEffects":true,"showParticleSystems":true},"in2DMode":false,"pivot":{"x":16.792360305786134,"y":0.46698611974716189,"z":-2.1673505306243898},"rotation":{"x":0.0061456975527107719,"y":-0.7976201176643372,"z":-0.008128903806209565,"w":-0.6030794382095337},"size":2.3002753257751467,"orthographic":false}